CREATE DATABASE  IF NOT EXISTS `shoppings` /*!40100 DEFAULT CHARACTER SET utf8 */;
USE `shoppings`;
-- MySQL dump 10.13  Distrib 5.7.12, for Win64 (x86_64)
--
-- Host: localhost    Database: shoppings
-- ------------------------------------------------------
-- Server version	5.7.15-log

/*!40101 SET @OLD_CHARACTER_SET_CLIENT=@@CHARACTER_SET_CLIENT */;
/*!40101 SET @OLD_CHARACTER_SET_RESULTS=@@CHARACTER_SET_RESULTS */;
/*!40101 SET @OLD_COLLATION_CONNECTION=@@COLLATION_CONNECTION */;
/*!40101 SET NAMES utf8 */;
/*!40103 SET @OLD_TIME_ZONE=@@TIME_ZONE */;
/*!40103 SET TIME_ZONE='+00:00' */;
/*!40014 SET @OLD_UNIQUE_CHECKS=@@UNIQUE_CHECKS, UNIQUE_CHECKS=0 */;
/*!40014 SET @OLD_FOREIGN_KEY_CHECKS=@@FOREIGN_KEY_CHECKS, FOREIGN_KEY_CHECKS=0 */;
/*!40101 SET @OLD_SQL_MODE=@@SQL_MODE, SQL_MODE='NO_AUTO_VALUE_ON_ZERO' */;
/*!40111 SET @OLD_SQL_NOTES=@@SQL_NOTES, SQL_NOTES=0 */;

--
-- Table structure for table `t_admin`
--

DROP TABLE IF EXISTS `t_admin`;
/*!40101 SET @saved_cs_client     = @@character_set_client */;
/*!40101 SET character_set_client = utf8 */;
CREATE TABLE `t_admin` (
  `adminId` char(32) NOT NULL,
  `adminname` varchar(50) DEFAULT NULL,
  `adminpwd` varchar(50) DEFAULT NULL,
  PRIMARY KEY (`adminId`)
) ENGINE=InnoDB DEFAULT CHARSET=utf8;
/*!40101 SET character_set_client = @saved_cs_client */;

--
-- Dumping data for table `t_admin`
--

LOCK TABLES `t_admin` WRITE;
/*!40000 ALTER TABLE `t_admin` DISABLE KEYS */;
INSERT INTO `t_admin` VALUES ('27417D5D9BE947B7A63D2AD2BDF1175A','张三','123'),('5259151135324F49A31FAF9E80CE2FC4','zhangsan','123'),('9C21274CA6E8487E91B52A343E2223D8','hua','123'),('E9AA2E6DBA4D42F9A3AD3F4B728EA07B','admin','123'),('E9C06019196E4808A4AB812E1058B272','zk','123');
/*!40000 ALTER TABLE `t_admin` ENABLE KEYS */;
UNLOCK TABLES;

--
-- Table structure for table `t_cartitem`
--

DROP TABLE IF EXISTS `t_cartitem`;
/*!40101 SET @saved_cs_client     = @@character_set_client */;
/*!40101 SET character_set_client = utf8 */;
CREATE TABLE `t_cartitem` (
  `cartItemId` char(32) NOT NULL,
  `quantity` int(11) DEFAULT NULL,
  `gid` char(32) DEFAULT NULL,
  `uid` char(32) DEFAULT NULL,
  `sid` char(32) DEFAULT NULL,
  `orderBy` int(11) NOT NULL AUTO_INCREMENT,
  PRIMARY KEY (`cartItemId`),
  KEY `orderBy` (`orderBy`),
  KEY `FK_t_cartitem_t_user` (`uid`),
  KEY `FK_t_cartitem_t_goods` (`gid`),
  KEY `FK_t_cartitem_t_store` (`sid`),
  CONSTRAINT `FK_t_cartitem_t_goods` FOREIGN KEY (`gid`) REFERENCES `t_goods` (`gid`),
  CONSTRAINT `FK_t_cartitem_t_store` FOREIGN KEY (`sid`) REFERENCES `t_store` (`sid`),
  CONSTRAINT `FK_t_cartitem_t_user` FOREIGN KEY (`uid`) REFERENCES `t_user` (`uid`)
) ENGINE=InnoDB AUTO_INCREMENT=16 DEFAULT CHARSET=utf8;
/*!40101 SET character_set_client = @saved_cs_client */;

--
-- Dumping data for table `t_cartitem`
--

LOCK TABLES `t_cartitem` WRITE;
/*!40000 ALTER TABLE `t_cartitem` DISABLE KEYS */;
/*!40000 ALTER TABLE `t_cartitem` ENABLE KEYS */;
UNLOCK TABLES;

--
-- Table structure for table `t_category`
--

DROP TABLE IF EXISTS `t_category`;
/*!40101 SET @saved_cs_client     = @@character_set_client */;
/*!40101 SET character_set_client = utf8 */;
CREATE TABLE `t_category` (
  `cid` char(32) NOT NULL,
  `cname` varchar(50) DEFAULT NULL,
  `pid` char(32) DEFAULT NULL,
  `desc` varchar(100) DEFAULT NULL,
  `orderBy` int(11) NOT NULL AUTO_INCREMENT,
  PRIMARY KEY (`cid`),
  UNIQUE KEY `cname` (`cname`),
  KEY `FK_t_category_t_store` (`pid`),
  KEY `orderBy` (`orderBy`),
  CONSTRAINT `FK_t_category_t_category` FOREIGN KEY (`pid`) REFERENCES `t_category` (`cid`)
) ENGINE=InnoDB AUTO_INCREMENT=34 DEFAULT CHARSET=utf8;
/*!40101 SET character_set_client = @saved_cs_client */;

--
-- Dumping data for table `t_category`
--

LOCK TABLES `t_category` WRITE;
/*!40000 ALTER TABLE `t_category` DISABLE KEYS */;
INSERT INTO `t_category` VALUES ('0B2F99B8501547079A4B45175B388938',' 羽绒服 ','2',' 羽绒服 ',20),('0C93BE289C2D4598A621B0A9252AA7E1','冰箱','875B56D5512A4683B95B3AB2B1D76F30','冰箱',17),('0CCFDD8BD12041B4BB801BC41415D0C4','面膜','2DEA827CD66E48249D57D6E0690797C8','面膜',14),('1','书',NULL,'图书',1),('2','衣',NULL,'衣服',2),('23BC350D4D424E3EAF33181966B64185','拖  鞋 ','3','拖  鞋 ',30),('2A6E9D0AA0C34BE1A499FD2E97C9E19C','衬衫 ','2','衬衫 ',23),('2DEA827CD66E48249D57D6E0690797C8','化妆品',NULL,'化妆品',11),('2EEF41FF2B6841D18B6D70464DD3FC7C','漫画书','1','漫画书',33),('3','鞋',NULL,'鞋子',3),('458795C27E7346A8A5F1B942319297E0','程序设计','1','图书',4),('4D01FFF0CB94468EA907EF42780668AB','数据库','1','数据库',5),('53D11A74AE754B6287969020C6813E5A','小西装','2','小西装',24),('577F05D4B06A4684A8E59895F8972B87','故事书','1','故事书',32),('58CBDB44C64A4A3CBE37F38FFEDA6454','推理小说','1','推理小说',10),('65640549B80E40B1981CDEC269BFFCAD','photoshop','1','photoshop分类',6),('710F2DE08B614272BD0DE4D5C20F974F','护肤品','2DEA827CD66E48249D57D6E0690797C8','护肤品',16),('81534155EA964AFB8F5C4E0C00E4BB2B','夹克   ','2','夹克   ',22),('83298DF2F05A41C39D734CD3A65F5E47','吸尘器','875B56D5512A4683B95B3AB2B1D76F30','吸尘器',19),('875B56D5512A4683B95B3AB2B1D76F30','家用电器',NULL,'家用电器',7),('9590020915F04384B0642BD3F35AA0F2',' 棉  鞋 ','3',' 棉  鞋 ',27),('B49E6AA97F794BEDA0F43BC2A2EA97EB','休闲鞋  ','3','休闲鞋  ',29),('B52F7A62D4364BB79F482D8EDF6DC13B',' 童  鞋    ','3',' 童  鞋    ',26),('D98D9768A2514D49A1541FFE466AC02B',' 风衣  ','2',' 风衣  ',21),('E1BB5435C1C447D894ECDFBC5845F68C','上衣','2','上衣',12),('E77EC109C6A14A94B399ABEB34174EC1','洗衣机','875B56D5512A4683B95B3AB2B1D76F30','洗衣机',18),('ED1A5C0A63034068AC66D35380852EFB','口红','2DEA827CD66E48249D57D6E0690797C8','口红',15),('F323F6C6C1C6459A99AE82BB835F4DE1','凉  鞋 ','3','凉  鞋 ',25),('F6392CF26749433EB544564B7D4ED92A','空调','875B56D5512A4683B95B3AB2B1D76F30','空调',31),('FC0BE3FC77EC4F6798D59871C91DE00D','婴儿鞋  ','3','婴儿鞋  ',28);
/*!40000 ALTER TABLE `t_category` ENABLE KEYS */;
UNLOCK TABLES;

--
-- Table structure for table `t_goods`
--

DROP TABLE IF EXISTS `t_goods`;
/*!40101 SET @saved_cs_client     = @@character_set_client */;
/*!40101 SET character_set_client = utf8 */;
CREATE TABLE `t_goods` (
  `gid` char(32) NOT NULL,
  `gname` varchar(200) DEFAULT NULL,
  `price` decimal(8,2) DEFAULT NULL,
  `currPrice` decimal(8,2) DEFAULT NULL,
  `discount` decimal(3,1) DEFAULT NULL,
  `description` varchar(100) DEFAULT NULL,
  `pro_area` varchar(100) DEFAULT NULL,
  `units` varchar(100) DEFAULT NULL,
  `cid` char(32) DEFAULT NULL,
  `image_w` varchar(100) DEFAULT NULL,
  `image_b` varchar(100) DEFAULT NULL,
  `sid` char(32) DEFAULT NULL,
  `orderBy` int(11) NOT NULL AUTO_INCREMENT,
  PRIMARY KEY (`gid`),
  KEY `orderBy` (`orderBy`),
  KEY `FK_t_goods_t_category` (`cid`),
  KEY `FK_t_goods_t_store` (`sid`),
  CONSTRAINT `FK_t_goods_t_category` FOREIGN KEY (`cid`) REFERENCES `t_category` (`cid`),
  CONSTRAINT `FK_t_goods_t_store` FOREIGN KEY (`sid`) REFERENCES `t_store` (`sid`)
) ENGINE=InnoDB AUTO_INCREMENT=57 DEFAULT CHARSET=utf8;
/*!40101 SET character_set_client = @saved_cs_client */;

--
-- Dumping data for table `t_goods`
--

LOCK TABLES `t_goods` WRITE;
/*!40000 ALTER TABLE `t_goods` DISABLE KEYS */;
INSERT INTO `t_goods` VALUES ('000A18FDB38F470DBE9CD0972BADB23F','Java Web整合开发实战书',79.80,55.10,6.9,'javaweb编程学习开发用书','北京','本','458795C27E7346A8A5F1B942319297E0','goods_img/23268958-1_w.jpg','goods_img/23268958-1_b.jpg','E3383759C6BC447692D2B179E0B6434E',12),('02FF47B75BAC41B58166836597AFA9AB','上衣3',59.00,70.70,6.9,'上衣3','中国北京','本','E1BB5435C1C447D894ECDFBC5845F68C','goods_img/6129F56617F3411DB766C9F0CB4122F7_shangyi3_w.jpg','goods_img/2A762A3DE46946829EDE3CC1D8AAA5DB_shangyi3_b.jpg','1D872218209C4EF1A0E74C8429A4BAF1',53),('03E47AE1029B4BA9B4010909326193EC','Java Web整合开发实战书',79.80,55.10,6.9,'javaweb编程学习开发用书','北京','本','458795C27E7346A8A5F1B942319297E0','goods_img/23268958-1_w.jpg','goods_img/23268958-1_b.jpg','38FB38A30DDA4EC69000365DDD982C00',36),('0B3D89675DCE4BE0A41674194D9B9D9B','Java Web整合开发实战书',79.80,55.10,6.9,'javaweb编程学习开发用书','北京','本','458795C27E7346A8A5F1B942319297E0','goods_img/23268958-1_w.jpg','goods_img/23268958-1_b.jpg','E3383759C6BC447692D2B179E0B6434E',7),('0EE8A0AE69154287A378FB110FF2C780','Java核心技术',98.00,67.60,6.9,'Java核心技术','北京','本','458795C27E7346A8A5F1B942319297E0','goods_img/20285763-1_w.jpg','goods_img/20285763-1_b.jpg','CD027558921F44C28B2F5CDF37CEFC10',8),('10CDD0B05DD84388B41D70CBF27C4CF8','Struts2技术内幕',69.00,47.60,6.9,'Struts2技术内幕','北京','本','458795C27E7346A8A5F1B942319297E0','goods_img/22577578-1_w.jpg','goods_img/22577578-1_b.jpg','E3383759C6BC447692D2B179E0B6434E',16),('22EBF04E5C0B45AE9FCA8F3F90AE59E5','Java Web整合开发实战书',79.80,55.10,6.9,'javaweb编程学习开发用书','北京','本','458795C27E7346A8A5F1B942319297E0','goods_img/23268958-1_w.jpg','goods_img/23268958-1_b.jpg','CD027558921F44C28B2F5CDF37CEFC10',4),('230A00EC22BF4A1DBA87C64800B54C8D','Struts2技术内幕',69.00,47.60,6.9,'Struts2技术内幕','北京','本','458795C27E7346A8A5F1B942319297E0','goods_img/22577578-1_w.jpg','goods_img/22577578-1_b.jpg','E3383759C6BC447692D2B179E0B6434E',10),('260F8A3594F741C1B0EB69616F65045B','Tomcat与Java Web开发',79.50,54.90,6.9,'Tomcat与Java Web开发技术','北京','本','458795C27E7346A8A5F1B942319297E0','goods_img/20420983-1_w.jpg','goods_img/20420983-1_b.jpg','E3383759C6BC447692D2B179E0B6434E',11),('2BB048C5E94D4DD69D6205FEAB807384','Java Web整合开发实战书',79.80,57.00,6.9,'javaweb编程学习开发用书','北京','本','58CBDB44C64A4A3CBE37F38FFEDA6454','goods_img/23268958-1_w.jpg','goods_img/23268958-1_b.jpg','E3383759C6BC447692D2B179E0B6434E',3),('41FF21B9242F474DB60D1D903C3C9DC8','Java核心技术',98.00,67.60,6.9,'Java核心技术','北京','本','458795C27E7346A8A5F1B942319297E0','goods_img/20285763-1_w.jpg','goods_img/20285763-1_b.jpg','E3383759C6BC447692D2B179E0B6434E',14),('5EB7FB94816247FB921A6E5D2CBA3FF4','Java Web整合开发实战书',79.80,55.10,6.9,'javaweb编程学习开发用书','北京','本','458795C27E7346A8A5F1B942319297E0','goods_img/23268958-1_w.jpg','goods_img/23268958-1_b.jpg','E3383759C6BC447692D2B179E0B6434E',17),('6F945E69C733404C879415F8E45BB544','羽绒2',59.00,40.70,6.9,'羽绒2','中国北京','本','0B2F99B8501547079A4B45175B388938','goods_img/51FF39AE069946F49ADF805864FA63AC_shangyi3_w.jpg','goods_img/72B4FFDBA1454AE5B85EEFF925A1226A_shangyi3_b.jpg','1D872218209C4EF1A0E74C8429A4BAF1',56),('72B555AFF7C74FF093D6D39D49BDD3F5','Java Web整合开发实战书',79.80,57.00,6.9,'javaweb编程学习开发用书','北京','本','58CBDB44C64A4A3CBE37F38FFEDA6454','goods_img/23268958-1_w.jpg','goods_img/23268958-1_b.jpg','38FB38A30DDA4EC69000365DDD982C00',33),('8128B855FBA444B3BA9491116A0B22CA','Java虚拟机',99.00,90.70,6.9,'Java虚拟机','中国北京','本','4D01FFF0CB94468EA907EF42780668AB','goods_img/F2033BC90BE2475FA354D51EC05D0A7C_21108671-1_w_1.jpg','goods_img/EA48849FCC7249048557D564161DF09A_21108671-1_b.jpg','93F5099453BC462C8757172BA9B9FF57',45),('8447462505784A569A97DCC198D695D4','羽绒3',59.00,40.70,6.9,'羽绒3','中国北京','本','0B2F99B8501547079A4B45175B388938','goods_img/5C94DDAA8F464C31A4952F1602E8E37E_shangyi2_w.jpg','goods_img/77D73432324D410B9DD73BD2FD91039E_shangyi2_b.jpg','1D872218209C4EF1A0E74C8429A4BAF1',55),('8790B8A17D014B01B97587DFF2ECC0FE','疯狂的java',59.00,40.70,6.9,'疯狂的java','中国北京','本','65640549B80E40B1981CDEC269BFFCAD','goods_img/6FAABA4579304D03A0338D769BDDB3C9_20928547-1_w_1.jpg','goods_img/0380DB5B19DA4356963818A7E493DFDC_20928547-1_b.jpg','93F5099453BC462C8757172BA9B9FF57',48),('8F1F2F114E9047F1978ACD7C74F22373','上衣2',59.00,40.70,6.9,'上衣2','中国北京','本','E1BB5435C1C447D894ECDFBC5845F68C','goods_img/21BCF2F4A5D94E259645DE49EFC6ED23_shangyi2_w.jpg','goods_img/49A903FAEF8C4858943A593583F5D639_shangyi2_b.jpg','1D872218209C4EF1A0E74C8429A4BAF1',52),('A07D24212C34436F9C3B0FE6679D6ECB','Java Web整合开发实战书',79.80,55.10,6.9,'javaweb编程学习开发用书','北京','本','458795C27E7346A8A5F1B942319297E0','goods_img/23268958-1_w.jpg','goods_img/23268958-1_b.jpg','CD027558921F44C28B2F5CDF37CEFC10',5),('A15CE8A0D97F408B95B4BBD9801C491D','Java编程思想',70.00,70.00,6.9,'Java编程思想','中国北京','本','58CBDB44C64A4A3CBE37F38FFEDA6454','goods_img/4E3E44801CB1478EBF8A6958045B70AC_9288920-1_w.jpg','goods_img/10C211FCEA04449E88E147D42F8547A9_9288920-1_b.jpg','93F5099453BC462C8757172BA9B9FF57',47),('A391D12762F845EAB5728FE0981BACFC','Java Web整合开发实战书',79.80,55.10,6.9,'javaweb编程学习开发用书','北京','本','458795C27E7346A8A5F1B942319297E0','goods_img/23268958-1_w.jpg','goods_img/23268958-1_b.jpg','38FB38A30DDA4EC69000365DDD982C00',37),('A433F7D658DC4D98ADE3DC6A5525B3DF','王者归来',59.00,40.70,6.9,'王者归来','中国北京','本','577F05D4B06A4684A8E59895F8972B87','goods_img/43AE92E4F2D64D11A89C205D702BD500_20756351-1_w_1.jpg','goods_img/F214A9A61E4743CDA0B2FCA57DBAB54B_20756351-1_b_1.jpg','93F5099453BC462C8757172BA9B9FF57',49),('A74E7065ECD647E0B7CA4F5AC6D4DA12','Java核心技术',98.00,67.60,6.9,'Java核心技术','北京','本','458795C27E7346A8A5F1B942319297E0','goods_img/20285763-1_w.jpg','goods_img/20285763-1_b.jpg','38FB38A30DDA4EC69000365DDD982C00',34),('A9F0D44C0A2A4006A10FFBD0FB39EAF8','Java Web整合开发实战书',79.80,55.10,6.9,'javaweb编程学习开发用书','北京','本','458795C27E7346A8A5F1B942319297E0','goods_img/23268958-1_w.jpg','goods_img/23268958-1_b.jpg','38FB38A30DDA4EC69000365DDD982C00',35),('BE1D3D5E5EEA40FEBB21C049D12DDE94','羽绒1',159.00,440.70,6.9,'羽绒1','中国北京','本','0B2F99B8501547079A4B45175B388938','goods_img/62B010DDCD044BCEA6404E56A79DBBF8_shangyi1_b.jpg','goods_img/1588B9149206496D8D09F3786BC23495_shangyi1_b.jpg','1D872218209C4EF1A0E74C8429A4BAF1',54),('CCDFFFC986684F2FB59940E88318DA55','Java Web整合开发实战书',79.80,55.10,6.9,'javaweb编程学习开发用书','北京','本','458795C27E7346A8A5F1B942319297E0','goods_img/23268958-1_w.jpg','goods_img/23268958-1_b.jpg','E3383759C6BC447692D2B179E0B6434E',6),('DF67F712627B48C48432357EC398A4F6','上衣',59.00,30.00,6.9,'上衣','中国北京','本','E1BB5435C1C447D894ECDFBC5845F68C','goods_img/F07E1A91FA194D5086B4E15A1EB1753D_shangyi1_w.jpg','goods_img/2BD50F94C8C34AAAB10576515ED5FDB7_shangyi1_b.jpg','1D872218209C4EF1A0E74C8429A4BAF1',51),('E5C51AAA1CC84765B499B08CEB630913','Java虚拟机',99.00,90.70,6.9,'Java虚拟机','中国北京','本','4D01FFF0CB94468EA907EF42780668AB','goods_img/E1339B18A6384459BFC9EA6AE3680A27_21108671-1_w_1.jpg','goods_img/D461036653074A8AB41DA8267DBFDD77_21108671-1_b.jpg','93F5099453BC462C8757172BA9B9FF57',46),('E930AAE45634498F9C56D73D30DB1DF3','我有故事，你有代码吗',59.00,40.70,6.9,'我有故事，你有代码吗','中国北京','本','2EEF41FF2B6841D18B6D70464DD3FC7C','goods_img/D775BA5A8E554E519A112E5FCE9E62F2_20810282-1_w_1.jpg','goods_img/48B3A61B1EE248D98E15D53347B45A41_20810282-1_b.jpg','93F5099453BC462C8757172BA9B9FF57',50),('EE573920A31D43A8981AD280E01A99E3','Java与模式',50.80,50.10,6.9,'Java与模式','北京','本','458795C27E7346A8A5F1B942319297E0','goods_img/696673-1_w.jpg','goods_img/696673-1_b.jpg','CD027558921F44C28B2F5CDF37CEFC10',1);
/*!40000 ALTER TABLE `t_goods` ENABLE KEYS */;
UNLOCK TABLES;

--
-- Table structure for table `t_order`
--

DROP TABLE IF EXISTS `t_order`;
/*!40101 SET @saved_cs_client     = @@character_set_client */;
/*!40101 SET character_set_client = utf8 */;
CREATE TABLE `t_order` (
  `oid` char(32) NOT NULL,
  `ordertime` char(19) DEFAULT NULL,
  `total` decimal(10,2) DEFAULT NULL,
  `status` int(11) DEFAULT NULL,
  `address` varchar(1000) DEFAULT NULL,
  `uid` char(32) DEFAULT NULL,
  `sid` char(32) DEFAULT NULL,
  PRIMARY KEY (`oid`),
  KEY `FK_t_order_t_user` (`uid`),
  KEY `FK_t_order_t_store` (`sid`),
  CONSTRAINT `FK_t_order_t_store` FOREIGN KEY (`sid`) REFERENCES `t_store` (`sid`),
  CONSTRAINT `FK_t_order_t_user` FOREIGN KEY (`uid`) REFERENCES `t_user` (`uid`)
) ENGINE=InnoDB DEFAULT CHARSET=utf8;
/*!40101 SET character_set_client = @saved_cs_client */;

--
-- Dumping data for table `t_order`
--

LOCK TABLES `t_order` WRITE;
/*!40000 ALTER TABLE `t_order` DISABLE KEYS */;
INSERT INTO `t_order` VALUES ('2D60E495A3FC402291782751872DDC6D','2018-01-03 19:38:03',67.60,2,'广州市 海珠区 仲恺路500号 张三','7301DAEF843D47B6A1DB9B9B4246871D','CD027558921F44C28B2F5CDF37CEFC10'),('3756535CC7754460B5170B92F32FDB2C','2018-01-03 19:34:13',155.30,2,'广州市 海珠区 仲恺路500号 张三','2A280FD7BE8D4C8685FBC7EACB587BB9','CD027558921F44C28B2F5CDF37CEFC10'),('398F3CB309E144B686AB5BA1BD109B52','2018-01-03 19:38:03',55.10,2,'广州市 海珠区 仲恺路500号 张三','7301DAEF843D47B6A1DB9B9B4246871D','E3383759C6BC447692D2B179E0B6434E'),('5CD34AF414C14494B7B1C0D9AEB62589','2018-01-03 19:38:41',55.10,1,'广州市 海珠区 仲恺路500号 张三','7301DAEF843D47B6A1DB9B9B4246871D','E3383759C6BC447692D2B179E0B6434E'),('73A8C74BCAC54B15988AFA79B3EE7F3A','2018-01-03 19:38:32',47.60,2,'广州市 海珠区 仲恺路500号 张三','7301DAEF843D47B6A1DB9B9B4246871D','E3383759C6BC447692D2B179E0B6434E'),('82EA5C95D82A43F18685BEBA5376B16F','2018-01-03 19:30:35',105.20,2,'广州市 海珠区 仲恺路500号 张三','7301DAEF843D47B6A1DB9B9B4246871D','CD027558921F44C28B2F5CDF37CEFC10'),('87A665CE1C9D420292FD685B1702AE24','2018-01-03 19:35:49',105.20,2,'广州市 海珠区 仲恺路500号 张三','2A280FD7BE8D4C8685FBC7EACB587BB9','CD027558921F44C28B2F5CDF37CEFC10'),('A786C1E2B20344FD81B5D8BFE73A8FFE','2018-01-03 19:37:14',47.60,2,'广州市 海珠区 仲恺路500号 张三','2A280FD7BE8D4C8685FBC7EACB587BB9','E3383759C6BC447692D2B179E0B6434E');
/*!40000 ALTER TABLE `t_order` ENABLE KEYS */;
UNLOCK TABLES;

--
-- Table structure for table `t_orderitem`
--

DROP TABLE IF EXISTS `t_orderitem`;
/*!40101 SET @saved_cs_client     = @@character_set_client */;
/*!40101 SET character_set_client = utf8 */;
CREATE TABLE `t_orderitem` (
  `orderItemId` char(32) NOT NULL,
  `quantity` int(11) DEFAULT NULL,
  `subtotal` decimal(8,2) DEFAULT NULL,
  `gid` char(32) DEFAULT NULL,
  `gname` varchar(200) DEFAULT NULL,
  `currPrice` decimal(8,2) DEFAULT NULL,
  `image_b` varchar(100) DEFAULT NULL,
  `oid` char(32) DEFAULT NULL,
  `sid` char(32) DEFAULT NULL,
  PRIMARY KEY (`orderItemId`),
  KEY `FK_t_orderitem_t_order` (`oid`),
  KEY `FK_t_orderitem_t_store` (`sid`),
  CONSTRAINT `FK_t_orderitem_t_order` FOREIGN KEY (`oid`) REFERENCES `t_order` (`oid`),
  CONSTRAINT `FK_t_orderitem_t_store` FOREIGN KEY (`sid`) REFERENCES `t_store` (`sid`)
) ENGINE=InnoDB DEFAULT CHARSET=utf8;
/*!40101 SET character_set_client = @saved_cs_client */;

--
-- Dumping data for table `t_orderitem`
--

LOCK TABLES `t_orderitem` WRITE;
/*!40000 ALTER TABLE `t_orderitem` DISABLE KEYS */;
INSERT INTO `t_orderitem` VALUES ('0ED3F1E14BC0460EB9479A2879079513',1,50.10,'EE573920A31D43A8981AD280E01A99E3','Java与模式',50.10,'goods_img/696673-1_b.jpg','87A665CE1C9D420292FD685B1702AE24','CD027558921F44C28B2F5CDF37CEFC10'),('1AD4CADE93EC46E2BA62E4251AC91974',1,55.10,'22EBF04E5C0B45AE9FCA8F3F90AE59E5','Java Web整合开发实战书',55.10,'goods_img/23268958-1_b.jpg','82EA5C95D82A43F18685BEBA5376B16F','CD027558921F44C28B2F5CDF37CEFC10'),('36FF956A43E84F89B99F2ACB2957E08D',1,47.60,'230A00EC22BF4A1DBA87C64800B54C8D','Struts2技术内幕',47.60,'goods_img/22577578-1_b.jpg','A786C1E2B20344FD81B5D8BFE73A8FFE','E3383759C6BC447692D2B179E0B6434E'),('39E9E1F2855748ECA545B0857F924A80',1,55.10,'5EB7FB94816247FB921A6E5D2CBA3FF4','Java Web整合开发实战书',55.10,'goods_img/23268958-1_b.jpg','398F3CB309E144B686AB5BA1BD109B52','E3383759C6BC447692D2B179E0B6434E'),('514975045674438DB2D123C96FF0770B',1,55.10,'0B3D89675DCE4BE0A41674194D9B9D9B','Java Web整合开发实战书',55.10,'goods_img/23268958-1_b.jpg','5CD34AF414C14494B7B1C0D9AEB62589','E3383759C6BC447692D2B179E0B6434E'),('6B725A3878ED4CAB94D43A5C751284DA',1,55.10,'22EBF04E5C0B45AE9FCA8F3F90AE59E5','Java Web整合开发实战书',55.10,'goods_img/23268958-1_b.jpg','87A665CE1C9D420292FD685B1702AE24','CD027558921F44C28B2F5CDF37CEFC10'),('86CD1EF407B944D1B9902C7F1D2ACBA7',2,100.20,'EE573920A31D43A8981AD280E01A99E3','Java与模式',50.10,'goods_img/696673-1_b.jpg','3756535CC7754460B5170B92F32FDB2C','CD027558921F44C28B2F5CDF37CEFC10'),('C6D7019146D64E97974DC2F86D9D9177',1,67.60,'0EE8A0AE69154287A378FB110FF2C780','Java核心技术',67.60,'goods_img/20285763-1_b.jpg','2D60E495A3FC402291782751872DDC6D','CD027558921F44C28B2F5CDF37CEFC10'),('C855047C9F824BA5992DAB5D6F46E78A',1,47.60,'230A00EC22BF4A1DBA87C64800B54C8D','Struts2技术内幕',47.60,'goods_img/22577578-1_b.jpg','73A8C74BCAC54B15988AFA79B3EE7F3A','E3383759C6BC447692D2B179E0B6434E'),('CF97BBCF6FE540D6BBA03C7A7A5DE276',1,55.10,'22EBF04E5C0B45AE9FCA8F3F90AE59E5','Java Web整合开发实战书',55.10,'goods_img/23268958-1_b.jpg','3756535CC7754460B5170B92F32FDB2C','CD027558921F44C28B2F5CDF37CEFC10'),('F53FB54C9525406B8D40A6291532D850',1,50.10,'EE573920A31D43A8981AD280E01A99E3','Java与模式',50.10,'goods_img/696673-1_b.jpg','82EA5C95D82A43F18685BEBA5376B16F','CD027558921F44C28B2F5CDF37CEFC10');
/*!40000 ALTER TABLE `t_orderitem` ENABLE KEYS */;
UNLOCK TABLES;

--
-- Table structure for table `t_store`
--

DROP TABLE IF EXISTS `t_store`;
/*!40101 SET @saved_cs_client     = @@character_set_client */;
/*!40101 SET character_set_client = utf8 */;
CREATE TABLE `t_store` (
  `sid` char(32) NOT NULL,
  `sname` varchar(50) DEFAULT NULL,
  `uid` char(32) DEFAULT NULL,
  `cid` char(32) DEFAULT NULL,
  PRIMARY KEY (`sid`),
  KEY `FK_t_store_t_user` (`uid`),
  KEY `FK_t_store_t_category` (`cid`),
  CONSTRAINT `FK_t_store_t_category` FOREIGN KEY (`cid`) REFERENCES `t_category` (`cid`) ON DELETE CASCADE ON UPDATE CASCADE,
  CONSTRAINT `FK_t_store_t_user` FOREIGN KEY (`uid`) REFERENCES `t_user` (`uid`) ON DELETE CASCADE ON UPDATE CASCADE
) ENGINE=InnoDB DEFAULT CHARSET=utf8;
/*!40101 SET character_set_client = @saved_cs_client */;

--
-- Dumping data for table `t_store`
--

LOCK TABLES `t_store` WRITE;
/*!40000 ALTER TABLE `t_store` DISABLE KEYS */;
INSERT INTO `t_store` VALUES ('0D8E913A6B5444E190C2F0E05C7E9DC7','我我我','E5633369C5304ADCBCC9CC7669BE2C86','875B56D5512A4683B95B3AB2B1D76F30'),('1D872218209C4EF1A0E74C8429A4BAF1','衣服最时尚','01DDD1F9166D409E966E1872D1047C21','2'),('312D4E294F18433A93D906656B8983C5','我的E家','6E92A08CD0AF4E649FC49117E554B4B2','875B56D5512A4683B95B3AB2B1D76F30'),('38FB38A30DDA4EC69000365DDD982C00','编程世界','0D2ED21BD1224F2F8BEEA024DC8D6C09','1'),('80063BB369DF4FD994AD0B4F1BCADF1C','1234','7301DAEF843D47B6A1DB9B9B4246871D','2DEA827CD66E48249D57D6E0690797C8'),('83D82D8406AF44C39C263D459F4626F1','我的店铺','ACD963765E3A4F6CA644F3FE196D8849','2'),('8582DB9D3FA5404E80370A46420FDD6A','我的书世界','44178EADF6C04A67AA332A3471E6810D','1'),('93F5099453BC462C8757172BA9B9FF57','我的书房','9F25507192464DD4A40C90C78D2FF627','1'),('A6ECE842B3EF4ECBA6C3664B1B851E5D','鞋子','DE01040779E34A8CBA4DEE8EA27922AB','2'),('B4D046B0A9C747039430FAB911430E6A','衣服','39D839BD043D4FD7BF25C586B5C9CF5B','2'),('CD027558921F44C28B2F5CDF37CEFC10','求知书店','7301DAEF843D47B6A1DB9B9B4246871D','1'),('D0FC83B7837D4FE18113E293B2DBC1C0','世界球鞋','705310B9A06B4E59B402888BC6A19298','3'),('E3383759C6BC447692D2B179E0B6434E','新华书店','2A280FD7BE8D4C8685FBC7EACB587BB9','1');
/*!40000 ALTER TABLE `t_store` ENABLE KEYS */;
UNLOCK TABLES;

--
-- Table structure for table `t_user`
--

DROP TABLE IF EXISTS `t_user`;
/*!40101 SET @saved_cs_client     = @@character_set_client */;
/*!40101 SET character_set_client = utf8 */;
CREATE TABLE `t_user` (
  `uid` char(32) NOT NULL,
  `loginname` varchar(50) DEFAULT NULL,
  `loginpass` varchar(50) DEFAULT NULL,
  `email` varchar(50) DEFAULT NULL,
  `isStore` int(11) DEFAULT '0',
  PRIMARY KEY (`uid`),
  UNIQUE KEY `loginname` (`loginname`)
) ENGINE=InnoDB DEFAULT CHARSET=utf8;
/*!40101 SET character_set_client = @saved_cs_client */;

--
-- Dumping data for table `t_user`
--

LOCK TABLES `t_user` WRITE;
/*!40000 ALTER TABLE `t_user` DISABLE KEYS */;
INSERT INTO `t_user` VALUES ('01DDD1F9166D409E966E1872D1047C21','test345333','123444444','24206034333@qq.com',1),('0D2ED21BD1224F2F8BEEA024DC8D6C09','test1','123','222@12.11',1),('2A280FD7BE8D4C8685FBC7EACB587BB9','test','123','22@12.122',1),('39D839BD043D4FD7BF25C586B5C9CF5B','lisi','123','240604572sadf@qq.com',1),('44178EADF6C04A67AA332A3471E6810D','所谓世间','123','123123123@qq.com',1),('5F261398A2BD46DE8DD354CDCB34BCFE','1234','123','3240604@qq.com',0),('6E92A08CD0AF4E649FC49117E554B4B2','admin','123','2406041@qq.com',1),('705310B9A06B4E59B402888BC6A19298','张三','123','2323533@163.com',1),('705B44B5CC694E409B81462D717228BE','haha','123','122@qq.com',0),('7301DAEF843D47B6A1DB9B9B4246871D','123','123','2406045700@qq.com',1),('85C68151BBE74F6E86941DFBC7A5C161','1111','123','312222@qq.com',0),('91B60862140A4805B647951D633E7015','admin2','2222555552','2495222@qq.com',0),('9F25507192464DD4A40C90C78D2FF627','test2','123','24206033@qq.com',1),('ACD963765E3A4F6CA644F3FE196D8849','huayan','123','4792393@qq.com',1),('BC2D60D1CA3543E495AC5DE76A6F4482','admin33','123','333@QQ.COM',0),('DE01040779E34A8CBA4DEE8EA27922AB','zhang','123','240604@qq.com',1),('E5633369C5304ADCBCC9CC7669BE2C86','22222','23242435','223222@12.122',1),('E9AA2E6DBA4D42F9A3AD3F4B728EA07B','灯光亮','123','333333@qq.com',0);
/*!40000 ALTER TABLE `t_user` ENABLE KEYS */;
UNLOCK TABLES;
/*!40103 SET TIME_ZONE=@OLD_TIME_ZONE */;

/*!40101 SET SQL_MODE=@OLD_SQL_MODE */;
/*!40014 SET FOREIGN_KEY_CHECKS=@OLD_FOREIGN_KEY_CHECKS */;
/*!40014 SET UNIQUE_CHECKS=@OLD_UNIQUE_CHECKS */;
/*!40101 SET CHARACTER_SET_CLIENT=@OLD_CHARACTER_SET_CLIENT */;
/*!40101 SET CHARACTER_SET_RESULTS=@OLD_CHARACTER_SET_RESULTS */;
/*!40101 SET COLLATION_CONNECTION=@OLD_COLLATION_CONNECTION */;
/*!40111 SET SQL_NOTES=@OLD_SQL_NOTES */;

-- Dump completed on 2018-01-03 19:57:17
